workload,engine,S,cycles_per_tile,lut,ff,dsp,bram_tile,wns_ns,note
micro,spmw-fixed,4,4,5818,7568,0,0,0.834,E3
micro,gemmini,4,6,2132,1378,0,0,0.591,E3
micro,vta,4,17,3121,1283,0,0,0.956,TensorGemm+TensorAlu
micro,spmw-fixed,8,8,22922,32116,0,0,0.328,E3
micro,gemmini,8,10,8042,4818,0,0,0.456,E3
micro,vta,8,33,8326,2979,0,0,0.457,TensorGemm+TensorAlu
micro,spmw-fixed,16,16,92880,130776,0,0,0.468,E3
micro,gemmini,16,18,31932,18675,0,0,0.245,E3
micro,vta,16,65,26403,5991,0,0,0.005,TensorGemm+TensorAlu
block,vta,16,,26403,5991,0,0,0.005,datapath; 7 of 11 scale passes have no unit
block,vta-core,16,,34174,6963,0,70,-1.515,whole engine incl scratchpads
block,gemmini,16,,71389,21474,500,0,-25.375,MxuVpuNorm
block,spmw-file,16,,113341,153869,755,0,0.072,weight file discipline
block,spmw-reload,16,,144734,186540,1011,0,0.049,Gemmini's weight discipline
micro,spmw-fixed-rebuilt,16,16,92961,130928,0,0,0.418,tpumicro-fixed; dut of the routed harness
micro,spmw-lean-hls,16,16.08,47495,61604,0,0,0.455,tpumicro-lean-hls; Gemmini's weight discipline
micro,spmw-lean,16,16,47682,38684,0,0,0.205,tpumicro-lean; + combinational=True
micro,spmw-fused2,16,16,34770,29128,0,0,0.363,tpumicro-fused2; 2x2 cells a unit; one credit
micro,spmw-fused4,16,16,23605,17772,0,0,0.334,tpumicro-fused4; 4x4 cells a unit; one credit
micro,spmw-fused8,16,16,24647,14287,0,0,0.225,tpumicro-fused8-c0; 8x8 cells a unit; no credit
micro,spmw-fused16,16,16,22572,11118,0,0,0.121,tpumicro-fused16-c0; the array one unit; no credit
micro,spmw-lean-depth1,16,16,41435,27565,0,0,-12.362,tpumicro-lean1; one-register links
micro,spmw-lean-gemmini-epilogue,16,16,50547,39392,0,0,0.274,tpumicro-lean-g; bias at the top
micro,spmw-fused2-depth1,16,16,30893,20590,0,0,-7.253,tpumicro-fused2-d1-c2; one-register links
micro,spmw-fused4-depth1,16,16,20686,12504,0,0,-1.482,tpumicro-fused4-d1-c2; one-register links
micro,spmw-fused4-two-credits,16,16,22748,15483,0,0,-0.520,tpumicro-fused4-c2
micro,spmw-fused4-two-credits-retimed,16,16,22763,15699,0,0,-0.426,tpumicro-fused4-c2 --retiming
micro,spmw-fused8-one-credit,16,16,23062,12669,0,0,-0.541,tpumicro-fused8
micro,spmw-fused16-one-credit,16,16,22846,9544,0,0,-0.490,tpumicro-fused16
micro,spmw-lean0,16,16,39981,28264,0,0,0.413,tpumicro-lean0; 256 units; bare-register links
micro,spmw-lean0-m,16,16,31337,22058,0,0,0.306,tpumicro-lean0-m; + one loop a cell
micro,spmw-lean0-m-v,16,16,31515,21584,0,0,0.368,tpumicro-lean0-m-v; + lanes credited; the 256-unit headline
micro,spmw-lean0,4,4,2708,2032,0,0,0.598,tpumicro-lean0; 16 units
micro,spmw-lean0-m-v,4,4,2273,1604,0,0,0.575,tpumicro-lean0-m-v; 16 units
micro-fixed16,spmw-blocked,4,256,2731,1980,0,0,0.616,tpumicro-blocked; 16 tiles of 16x16x16; total 4121; first tile 281
micro-fixed16,gemmini-acc,4,384,3167,2058,0,0,0.219,MxuAccVpu; total 6176; first tile 416
micro-fixed16,vta-batched,4,449,3121,1283,0,0,0.956,--width 4; total 7194; first tile 6235
micro-fixed16,vta-tiled,4,478,3121,1283,0,0,0.956,--width 4 --order tiled; total 7659; first tile 475
micro-fixed16,spmw-blocked,8,64,8426,6504,0,0,0.397,tpumicro-blocked; total 1057; first tile 97
micro-fixed16,gemmini-acc,8,80,10017,6130,0,0,0.165,MxuAccVpu; total 1324; first tile 124
micro-fixed16,vta-batched,8,161,8326,2979,0,0,0.457,--width 8; total 2586; first tile 2107
micro-fixed16,vta-tiled,8,190,8326,2979,0,0,0.457,--width 8 --order tiled; total 3051; first tile 187
micro-fixed16,spmw-blocked,16,16,31200,21236,0,0,0.381,tpumicro-blocked; total 305; first tile 58
micro-fixed16,gemmini-acc,16,18,35052,21342,0,0,0.089,MxuAccVpu; total 356; first tile 86
micro-fixed16,vta-batched,16,65,26403,5991,0,0,0.005,total 1050; first tile 811
micro-fixed16,vta-tiled,16,94,26403,5991,0,0,0.005,--order tiled; total 1515; first tile 91
llama-gateup-slice,spmw,4,1048649,3019,2044,0,0,0.470,cycles for the slice (64 x 2048 x 128); llama-gateup; full gate+up is 128 slices
llama-gateup-slice,gemmini-acc,4,1572944,3303,2128,0,0,0.116,MxuAccVpu ACC_ROWS=64 ACT=none
llama-gateup-slice,vta,4,1056922,3121,1283,0,0,0.956,vta_llama_bench --width 4; 16 K pages
llama-swiglu-slice,spmw,4,1048658,5528,3296,0,0,0.521,llama-swiglu; lane with no link credit
llama-gateup-slice,spmw,8,262225,9860,6616,0,0,0.549,llama-gateup
llama-gateup-slice,gemmini-acc,8,327772,10373,6264,0,0,0.196,MxuAccVpu ACC_ROWS=64 ACT=none
llama-gateup-slice,vta,8,266330,8326,2979,0,0,0.457,vta_llama_bench --width 8; 8 K pages
llama-swiglu-slice,spmw,8,262234,14737,9120,0,0,0.434,llama-swiglu; lane with no link credit
llama-gateup-slice,spmw,16,65633,36471,24361,0,0,0.419,llama-gateup
llama-gateup-slice,gemmini-acc,16,73844,35875,21619,0,0,0.057,MxuAccVpu ACC_ROWS=64 ACT=none
llama-gateup-slice,vta,16,67642,26403,5991,0,0,0.005,vta_llama_bench --width 16; 4 K pages
llama-swiglu-slice,spmw,16,65642,46806,29708,0,0,0.155,llama-swiglu; lane with no link credit
dsv4-gateup-slice,spmw,4,3670089,3052,2196,0,0,0.565,cycles for the slice (64 x 7168 x 128); dsv4-gateup; an expert's gate+up is 48 slices
dsv4-gateup-slice,gemmini-acc,4,5505104,3303,2128,0,0,0.116,MxuAccVpu ACC_ROWS=64 ACT=none; hardware of the LLaMA run
dsv4-gateup-slice,vta,4,3678682,3121,1283,0,0,0.956,vta_llama_bench --width 4; 56 K pages
dsv4-swiglu-slice,spmw,4,3670096,5183,3296,0,0,0.495,dsv4-swiglu
dsv4-gateup-slice,spmw,8,917585,9951,6952,0,0,0.304,dsv4-gateup
dsv4-gateup-slice,gemmini-acc,8,1146972,10373,6264,0,0,0.196,MxuAccVpu ACC_ROWS=64 ACT=none; hardware of the LLaMA run
dsv4-gateup-slice,vta,8,921850,8326,2979,0,0,0.457,vta_llama_bench --width 8; 28 K pages
dsv4-swiglu-slice,spmw,8,917592,14174,9184,0,0,0.498,dsv4-swiglu
dsv4-gateup-slice,spmw,16,229473,37088,25283,0,0,0.368,dsv4-gateup
dsv4-gateup-slice,gemmini-acc,16,258164,35875,21619,0,0,0.057,MxuAccVpu ACC_ROWS=64 ACT=none; hardware of the LLaMA run
dsv4-gateup-slice,vta,16,231562,26403,5991,0,0,0.005,vta_llama_bench --width 16; 14 K pages
dsv4-swiglu-slice,spmw,16,229480,45999,30234,0,0,0.318,dsv4-swiglu
engine-scope,vta-datapath-scratchpads,4,,5136,2948,0,10,-0.923,Core minus control (fetch; instruction queues; semaphores; counters); 2 URAM; 235 MHz; limited by the acc URAM read-modify-write
engine-scope,vta-whole-engine,4,,10311,3456,0,14,-1.554,Core; 2 URAM; 205 MHz; limited by load DMA addressing
engine-scope,vta-datapath-scratchpads,8,,10285,4208,0,18,-1.154,Core minus control; 6 URAM; 223 MHz; acc URAM read-modify-write
engine-scope,vta-whole-engine,8,,15710,4747,0,22,-1.427,Core; 6 URAM; 210 MHz; load DMA addressing
engine-scope,vta-datapath-scratchpads,16,,28580,6450,0,66,-1.444,Core minus control; 12 URAM; 209 MHz; the input URAM feeding the GEMM
engine-scope,vta-whole-engine,16,,34174,6963,0,70,-1.515,Core; 12 URAM; 206 MHz; load DMA addressing
micro-fixed16,spmw-programmable,4,256,2803,2204,0,0,0.520,ptpu-micro; one instruction; total 4110
micro-fixed16,spmw-programmable,8,64,8665,6416,0,0,0.370,ptpu-micro; one instruction; total 1050
micro-fixed16,spmw-programmable,16,16,32048,22306,0,0,0.290,ptpu-micro; one instruction; total 306
llama-gateup-slice,spmw-programmable,4,1048590,2803,2204,0,0,0.520,ptpu-llama; one instruction; the ptpu-micro hardware
llama-gateup-slice,spmw-programmable,8,262170,8665,6416,0,0,0.370,ptpu-llama; one instruction; the ptpu-micro hardware
llama-gateup-slice,spmw-programmable,16,65586,32048,22306,0,0,0.290,ptpu-llama; one instruction; the ptpu-micro hardware
dsv4-gateup-slice,spmw-programmable,4,3670030,2803,2204,0,0,0.520,ptpu-dsv4; one instruction; the ptpu-micro hardware
dsv4-gateup-slice,spmw-programmable,8,917530,8665,6416,0,0,0.370,ptpu-dsv4; one instruction; the ptpu-micro hardware
dsv4-gateup-slice,spmw-programmable,16,229426,32048,22306,0,0,0.290,ptpu-dsv4; one instruction; the ptpu-micro hardware
mixed-5gemm,spmw-programmable,4,1326,2803,2204,0,0,0.520,ptpu-mixed; cycles for the launch; five instructions; 1312 rows + 3S + 2
mixed-5gemm,spmw-programmable,8,410,8665,6416,0,0,0.370,ptpu-mixed; five instructions; 384 rows + 3S + 2
mixed-5gemm,spmw-programmable,16,258,32048,22306,0,0,0.290,ptpu-mixed; five instructions; 208 rows + 3S + 2
engine-scope,gemmini-whole,4,,31545,21320,27,64,-3.262,Gemmini whole accelerator; matmul only; 4 URAM; 152 MHz at a 3.333 ns target; limited by the store controller into the scratchpad write queue
engine-scope,gemmini-whole-shift,4,,37513,26079,161,64,-7.262,Gemmini whole accelerator; integer shift; 4 URAM; 94 MHz at a 3.333 ns target; limited by the convolution loop unroller
engine-scope,gemmini-whole-lean,4,,44036,29579,177,64,-11.291,Gemmini whole accelerator; as shipped (leanConfig); 4 URAM; 68 MHz at a 3.333 ns target; limited by the float32 accumulator scale
engine-scope,gemmini-execute-scope,4,,7027,4122,1,64,-3.005,execute controller + mesh + scratchpad; accumulator and scale of the matmul-only engine; 4 URAM; 158 MHz; command queue into the scratchpad
engine-scope,vta-whole-engine-best,4,,10099,3441,0,14,-0.084,Core at a 4.6 ns target; best of three targets; 2 URAM; 213 MHz; datapath + scratchpads 235 MHz
engine-scope,gemmini-whole,8,,38941,25648,25,80,-3.462,Gemmini whole accelerator; matmul only; 0 URAM; 147 MHz at a 3.333 ns target; limited by the store controller into the scratchpad write queue
engine-scope,gemmini-whole-shift,8,,45362,30560,159,80,-7.164,Gemmini whole accelerator; integer shift; 0 URAM; 95 MHz at a 3.333 ns target; limited by the convolution loop unroller
engine-scope,gemmini-whole-lean,8,,56329,34389,183,80,-12.280,Gemmini whole accelerator; as shipped (leanConfig); 0 URAM; 64 MHz at a 3.333 ns target; limited by the float32 accumulator scale
engine-scope,gemmini-execute-scope,8,,14053,8655,1,80,-0.483,execute controller + mesh + scratchpad; accumulator and scale of the matmul-only engine; 0 URAM; 154 MHz; command queue into the scratchpad
engine-scope,vta-whole-engine-best,8,,15403,4747,0,22,0.005,Core at a 4.6 ns target; best of three targets; 6 URAM; 218 MHz; datapath + scratchpads 224 MHz
engine-scope,gemmini-whole,16,,65529,39989,29,16,-0.553,Gemmini whole accelerator; matmul only; 8 URAM; 153 MHz at a 6.0 ns target; limited by the DMA writer
engine-scope,gemmini-whole-shift,16,,72215,45052,163,16,-7.545,Gemmini whole accelerator; integer shift; 8 URAM; 92 MHz at a 3.333 ns target; limited by the convolution loop unroller
engine-scope,gemmini-whole-lean,16,,89053,49866,203,16,-12.275,Gemmini whole accelerator; as shipped (leanConfig); 8 URAM; 64 MHz at a 3.333 ns target; limited by the float32 accumulator scale
engine-scope,gemmini-execute-scope,16,,40654,23535,1,16,-0.113,execute controller + mesh + scratchpad; accumulator and scale of the matmul-only engine; 8 URAM; 164 MHz; command queue into the scratchpad
engine-scope,vta-whole-engine-best,16,,33923,7387,0,70,-0.156,Core at a 4.3 ns target; best of three targets; 12 URAM; 224 MHz; datapath + scratchpads 224 MHz
micro-fixed16,gemmini-whole,4,456.9,31545,21320,27,64,-3.262,own RoCC commands (hand-scheduled); total 7310; 2309 commands; execute only 4220; 128-bit bus total 7308
micro-fixed16,vta-whole,4,689.7,10099,3441,0,14,-0.084,own instructions through Core; total 11035; 12 instructions; compute only 10276; 1248 beats of a 64-bit port
micro-fixed16,gemmini-whole,8,121.5,38941,25648,25,80,-3.462,own RoCC commands (library loop_ws); total 1944; 176 commands; execute only 1123; 128-bit bus total 1923
micro-fixed16,vta-whole,8,324.9,15403,4747,0,22,0.005,own instructions through Core; total 5198; 12 instructions; compute only 4132; 1120 beats of a 64-bit port
micro-fixed16,gemmini-whole,16,93.7,65529,39989,29,16,-0.553,own RoCC commands (hand-scheduled); total 1499; 101 commands; execute only 380; 128-bit bus total 1015
micro-fixed16,vta-whole,16,212.8,33923,7387,0,70,-0.156,own instructions through Core; total 3405; 12 instructions; compute only 1828; 1080 beats of a 64-bit port
llama-gateup-slice,gemmini-whole,4,1073610,31545,21320,27,64,-3.262,own RoCC commands (library loop_ws); total 1073610; 41 commands; execute only 1073085; 128-bit bus total 1073607
llama-gateup-slice,vta-whole,4,1058331,10099,3441,0,14,-0.084,own instructions through Core; total 1058331; 103 instructions; compute only 1056984; 49422 beats of a 64-bit port
llama-gateup-slice,gemmini-whole,8,274359,38941,25648,25,80,-3.462,own RoCC commands (library loop_ws); total 274359; 41 commands; execute only 273985; 128-bit bus total 274884
llama-gateup-slice,vta-whole,8,269578,15403,4747,0,22,0.005,own instructions through Core; total 269578; 55 instructions; compute only 266360; 49326 beats of a 64-bit port
llama-gateup-slice,gemmini-whole,16,77605,65529,39989,29,16,-0.553,own RoCC commands (library loop_ws); total 77605; 41 commands; execute only 77176; 128-bit bus total 78458
llama-gateup-slice,vta-whole,16,74911,33923,7387,0,70,-0.156,own instructions through Core; total 74911; 31 instructions; compute only 67656; 49278 beats of a 64-bit port
dsv4-gateup-slice,gemmini-whole,4,3723974,31545,21320,27,64,-3.262,own RoCC commands (library loop_ws); total 3723974; 125 commands; execute only 3723449; 128-bit bus total 3723971
dsv4-gateup-slice,vta-whole,4,3680381,10099,3441,0,14,-0.084,own instructions through Core; total 3680381; 343 instructions; compute only 3678904; 172782 beats of a 64-bit port
dsv4-gateup-slice,gemmini-whole,8,945033,38941,25648,25,80,-3.462,own RoCC commands (library loop_ws); total 945033; 125 commands; execute only 944659; 128-bit bus total 964222
dsv4-gateup-slice,vta-whole,8,925364,15403,4747,0,22,0.005,own instructions through Core; total 925364; 175 instructions; compute only 921960; 172446 beats of a 64-bit port
dsv4-gateup-slice,gemmini-whole,16,271099,65529,39989,29,16,-0.553,own RoCC commands (library loop_ws); total 271099; 113 commands; execute only 258774; 128-bit bus total 259074
dsv4-gateup-slice,vta-whole,16,239011,33923,7387,0,70,-0.156,own instructions through Core; total 239011; 91 instructions; compute only 231616; 172278 beats of a 64-bit port
engine-scope,spmw-whole,4,,4860,5582,0,11,0.179,SPMW whole engine with its memory system (ptpumem); 354 MHz at a 3.0 ns target; the better of two targets; limited by a cell's multiply-add into its partial-sum link
engine-scope,spmw-whole-3333,4,,4786,5582,0,11,0.461,SPMW whole engine with its memory system (ptpumem); 348 MHz at a 3.333 ns target; limited by a cell's multiply-add into its partial-sum link
engine-scope,spmw-whole,8,,10872,11799,0,12,0.273,SPMW whole engine with its memory system (ptpumem); 367 MHz at a 3.0 ns target; the better of two targets; limited by a cell's multiply-add into its partial-sum link
engine-scope,spmw-whole-3333,8,,10845,11799,0,12,0.358,SPMW whole engine with its memory system (ptpumem); 336 MHz at a 3.333 ns target; limited by a cell's multiply-add into its partial-sum link
engine-scope,spmw-whole,16,,35544,33603,0,14,0.004,SPMW whole engine with its memory system (ptpumem); 334 MHz at a 3.0 ns target; the better of two targets; limited by a cell's multiply-add into its partial-sum link
engine-scope,spmw-whole-3333,16,,35391,33601,0,14,0.087,SPMW whole engine with its memory system (ptpumem); 308 MHz at a 3.333 ns target; limited by a cell's multiply-add into its partial-sum link
micro-fixed16,spmw-whole,4,259.3,4860,5582,0,11,0.179,own instructions fetched from memory; total 4149; one instruction; 1156 beats in and 512 out of 64-bit ports; head paused 6 cycles; 4169 on a memory stalling 25%
micro-fixed16,spmw-whole,8,76.0,10872,11799,0,12,0.273,own instructions fetched from memory; total 1216; one instruction; 1156 beats in and 512 out of 64-bit ports; head paused 132 cycles; 1580 on a memory stalling 25%
micro-fixed16,spmw-whole,16,76.3,35544,33603,0,14,0.004,own instructions fetched from memory; total 1221; one instruction; 1156 beats in and 512 out of 64-bit ports; head paused 871 cycles; 1599 on a memory stalling 25%
llama-gateup-slice,spmw-whole,4,1048625,4860,5582,0,11,0.179,own instructions fetched from memory; total 1048625; one instruction; 49156 beats in and 1024 out of 64-bit ports; head paused 4 cycles; 1048977 on a memory stalling 25%
llama-gateup-slice,spmw-whole,8,262211,10872,11799,0,12,0.273,own instructions fetched from memory; total 262211; one instruction; 49156 beats in and 1024 out of 64-bit ports; head paused 8 cycles; 262606 on a memory stalling 25%
llama-gateup-slice,spmw-whole,16,66246,35544,33603,0,14,0.004,own instructions fetched from memory; total 66246; one instruction; 49156 beats in and 1024 out of 64-bit ports; head paused 111 cycles; 66776 on a memory stalling 25%
dsv4-gateup-slice,spmw-whole,4,3670065,4860,5582,0,11,0.179,own instructions fetched from memory; total 3670065; one instruction; 172036 beats in and 1024 out of 64-bit ports; head paused 4 cycles
dsv4-gateup-slice,spmw-whole,8,917571,10872,11799,0,12,0.273,own instructions fetched from memory; total 917571; one instruction; 172036 beats in and 1024 out of 64-bit ports; head paused 8 cycles
dsv4-gateup-slice,spmw-whole,16,230086,35544,33603,0,14,0.004,own instructions fetched from memory; total 230086; one instruction; 172036 beats in and 1024 out of 64-bit ports; head paused 111 cycles
mixed-5gemm,spmw-whole,4,1561,4860,5582,0,11,0.179,own instructions fetched from memory; total 1561; five instructions; 470 beats in and 142 out of 64-bit ports; head paused 14 cycles; 1582 on a memory stalling 25%
mixed-5gemm,spmw-whole,8,760,10872,11799,0,12,0.273,own instructions fetched from memory; total 760; five instructions; 676 beats in and 216 out of 64-bit ports; head paused 132 cycles; 969 on a memory stalling 25%
mixed-5gemm,spmw-whole,16,1496,35544,33603,0,14,0.004,own instructions fetched from memory; total 1496; five instructions; 1364 beats in and 448 out of 64-bit ports; head paused 1003 cycles; 1943 on a memory stalling 25%
