run_id,experiment_id,system,variant,M,d,groups,pe_count,dsp_count,implementation_mode,target_mhz,status,validation_pass,first_output_cycles,completion_cycles,cycles_per_query_row,lut,ff,dsp,bram_18k_equiv,uram,wns_ns,tns_ns,unrouted,hls_wall_s,total_wall_s,report_paths,failure_reason
spmw_cap42_4096_cosim_s0,E6,SPMW conventional,paper_ungrouped_4x2,4096,2,1,8,8,cosim,300,ok,True,22,5483,1.3386,,,,,,,,,82.1,236.7,reports/spmw_cap42_4096_cosim_s0/run.json;validation/spmw_cap42_4096_cosim_s0,
spmw_cap42_4096_cosim_s1,E6,SPMW conventional,paper_ungrouped_4x2,4096,2,1,8,8,cosim,300,ok,True,22,5483,1.3386,,,,,,,,,82.1,236.7,reports/spmw_cap42_4096_cosim_s1/run.json;validation/spmw_cap42_4096_cosim_s1,
spmw_cap42_4096_cosim_s2,E6,SPMW conventional,paper_ungrouped_4x2,4096,2,1,8,8,cosim,300,ok,True,22,5483,1.3386,,,,,,,,,82.1,236.7,reports/spmw_cap42_4096_cosim_s2/run.json;validation/spmw_cap42_4096_cosim_s2,
spmw_cap42_4096_pnr,E6,SPMW conventional,paper_ungrouped_4x2,4096,2,1,8,8,pnr_ooc,300,ok,,,,,529,1065,8,0,0,1.437,0.0,0,67.7,490.6,reports/spmw_cap42_4096_pnr/run.json;reports/spmw_cap42_4096_pnr/util.rpt;reports/spmw_cap42_4096_pnr/util_synth.rpt;reports/spmw_cap42_4096_pnr/timing.rpt;reports/spmw_cap42_4096_pnr/route.rpt;reports/spmw_cap42_4096_pnr/util_hier.rpt;reports/spmw_cap42_4096_pnr/vivado_pnr.log;reports/spmw_cap42_4096_pnr/assemble_pnr.tcl;reports/spmw_cap42_4096_pnr/clock.xdc,
spmw_cap42_6_cosim_s0,E6,SPMW conventional,paper_ungrouped_4x2,6,2,1,8,8,cosim,300,ok,True,20,29,4.8333,,,,,,,,,61.4,163.4,reports/spmw_cap42_6_cosim_s0/run.json;validation/spmw_cap42_6_cosim_s0,
spmw_cap42_6_cosim_s1,E6,SPMW conventional,paper_ungrouped_4x2,6,2,1,8,8,cosim,300,ok,True,20,29,4.8333,,,,,,,,,61.4,163.4,reports/spmw_cap42_6_cosim_s1/run.json;validation/spmw_cap42_6_cosim_s1,
spmw_cap42_6_cosim_s2,E6,SPMW conventional,paper_ungrouped_4x2,6,2,1,8,8,cosim,300,ok,True,20,29,4.8333,,,,,,,,,61.4,163.4,reports/spmw_cap42_6_cosim_s2/run.json;validation/spmw_cap42_6_cosim_s2,
spmw_cap42_64_cosim_s0,E6,SPMW conventional,paper_ungrouped_4x2,64,2,1,8,8,cosim,300,ok,True,22,107,1.6719,,,,,,,,,75.5,187.8,reports/spmw_cap42_64_cosim_s0/run.json;validation/spmw_cap42_64_cosim_s0,
spmw_cap42_64_cosim_s1,E6,SPMW conventional,paper_ungrouped_4x2,64,2,1,8,8,cosim,300,ok,True,22,107,1.6719,,,,,,,,,75.5,187.8,reports/spmw_cap42_64_cosim_s1/run.json;validation/spmw_cap42_64_cosim_s1,
spmw_cap42_64_cosim_s2,E6,SPMW conventional,paper_ungrouped_4x2,64,2,1,8,8,cosim,300,ok,True,22,107,1.6719,,,,,,,,,75.5,187.8,reports/spmw_cap42_64_cosim_s2/run.json;validation/spmw_cap42_64_cosim_s2,
spmw_cap44_4096_cosim_s0,E6,SPMW grouped,paper_grouped_4x4,4096,2,2,16,16,cosim,300,ok,True,42,5499,1.3425,,,,,,,,,83.1,247.5,reports/spmw_cap44_4096_cosim_s0/run.json;validation/spmw_cap44_4096_cosim_s0,
spmw_cap44_4096_cosim_s1,E6,SPMW grouped,paper_grouped_4x4,4096,2,2,16,16,cosim,300,ok,True,42,5499,1.3425,,,,,,,,,83.1,247.5,reports/spmw_cap44_4096_cosim_s1/run.json;validation/spmw_cap44_4096_cosim_s1,
spmw_cap44_4096_cosim_s2,E6,SPMW grouped,paper_grouped_4x4,4096,2,2,16,16,cosim,300,ok,True,42,5499,1.3425,,,,,,,,,83.1,247.5,reports/spmw_cap44_4096_cosim_s2/run.json;validation/spmw_cap44_4096_cosim_s2,
spmw_cap44_4096_pnr,E6,SPMW grouped,paper_grouped_4x4,4096,2,2,16,16,pnr_ooc,300,ok,,,,,1037,2321,16,0,0,1.336,0.0,0,68.2,503.2,reports/spmw_cap44_4096_pnr/run.json;reports/spmw_cap44_4096_pnr/util.rpt;reports/spmw_cap44_4096_pnr/util_synth.rpt;reports/spmw_cap44_4096_pnr/timing.rpt;reports/spmw_cap44_4096_pnr/route.rpt;reports/spmw_cap44_4096_pnr/util_hier.rpt;reports/spmw_cap44_4096_pnr/vivado_pnr.log;reports/spmw_cap44_4096_pnr/assemble_pnr.tcl;reports/spmw_cap44_4096_pnr/clock.xdc,
spmw_cap44_6_cosim_s0,E6,SPMW grouped,paper_grouped_4x4,6,2,2,16,16,cosim,300,ok,True,36,45,7.5,,,,,,,,,80.6,188.5,reports/spmw_cap44_6_cosim_s0/run.json;validation/spmw_cap44_6_cosim_s0,
spmw_cap44_6_cosim_s1,E6,SPMW grouped,paper_grouped_4x4,6,2,2,16,16,cosim,300,ok,True,36,45,7.5,,,,,,,,,80.6,188.5,reports/spmw_cap44_6_cosim_s1/run.json;validation/spmw_cap44_6_cosim_s1,
spmw_cap44_6_cosim_s2,E6,SPMW grouped,paper_grouped_4x4,6,2,2,16,16,cosim,300,ok,True,36,45,7.5,,,,,,,,,80.6,188.5,reports/spmw_cap44_6_cosim_s2/run.json;validation/spmw_cap44_6_cosim_s2,
spmw_cap44_64_cosim_s0,E6,SPMW grouped,paper_grouped_4x4,64,2,2,16,16,cosim,300,ok,True,42,123,1.9219,,,,,,,,,80.4,190.7,reports/spmw_cap44_64_cosim_s0/run.json;validation/spmw_cap44_64_cosim_s0,
spmw_cap44_64_cosim_s1,E6,SPMW grouped,paper_grouped_4x4,64,2,2,16,16,cosim,300,ok,True,42,123,1.9219,,,,,,,,,80.4,190.7,reports/spmw_cap44_64_cosim_s1/run.json;validation/spmw_cap44_64_cosim_s1,
spmw_cap44_64_cosim_s2,E6,SPMW grouped,paper_grouped_4x4,64,2,2,16,16,cosim,300,ok,True,42,123,1.9219,,,,,,,,,80.4,190.7,reports/spmw_cap44_64_cosim_s2/run.json;validation/spmw_cap44_64_cosim_s2,
spmw_conv_4096_cosim_s0,E6,SPMW conventional,conventional_2pass,4096,2,1,16,16,cosim,300,ok,True,4149,8256,2.0156,,,,,,,,,126.6,412.4,reports/spmw_conv_4096_cosim_s0/run.json;validation/spmw_conv_4096_cosim_s0,
spmw_conv_4096_cosim_s1,E6,SPMW conventional,conventional_2pass,4096,2,1,16,16,cosim,300,ok,True,4149,8256,2.0156,,,,,,,,,126.6,412.4,reports/spmw_conv_4096_cosim_s1/run.json;validation/spmw_conv_4096_cosim_s1,
spmw_conv_4096_cosim_s2,E6,SPMW conventional,conventional_2pass,4096,2,1,16,16,cosim,300,ok,True,4149,8256,2.0156,,,,,,,,,126.6,412.4,reports/spmw_conv_4096_cosim_s2/run.json;validation/spmw_conv_4096_cosim_s2,
spmw_conv_4096_pnr,E6,SPMW conventional,conventional_2pass,4096,2,1,16,16,pnr_ooc,300,ok,,,,,1207,2997,16,0,0,1.333,0.0,0,142.4,685.6,reports/spmw_conv_4096_pnr/run.json;reports/spmw_conv_4096_pnr/util.rpt;reports/spmw_conv_4096_pnr/util_synth.rpt;reports/spmw_conv_4096_pnr/timing.rpt;reports/spmw_conv_4096_pnr/route.rpt;reports/spmw_conv_4096_pnr/util_hier.rpt;reports/spmw_conv_4096_pnr/vivado_pnr.log;reports/spmw_conv_4096_pnr/assemble_pnr.tcl;reports/spmw_conv_4096_pnr/clock.xdc,
spmw_conv_4096_pnr_trim,E6,SPMW conventional,conventional_2pass_paddingtiedoff,4096,2,1,16,16,pnr_ooc,300,ok,,,,,908,1729,8,0,0,1.358,0.0,0,99.0,525.0,reports/spmw_conv_4096_pnr_trim/run.json;reports/spmw_conv_4096_pnr_trim/util.rpt;reports/spmw_conv_4096_pnr_trim/util_synth.rpt;reports/spmw_conv_4096_pnr_trim/timing.rpt;reports/spmw_conv_4096_pnr_trim/route.rpt;reports/spmw_conv_4096_pnr_trim/util_hier.rpt;reports/spmw_conv_4096_pnr_trim/vivado_pnr.log;reports/spmw_conv_4096_pnr_trim/assemble_pnr.tcl;reports/spmw_conv_4096_pnr_trim/clock.xdc,
spmw_conv_6_cosim_s0,E6,SPMW conventional,conventional_2pass,6,2,1,16,16,cosim,300,ok,True,59,76,12.6667,,,,,,,,,119.4,291.0,reports/spmw_conv_6_cosim_s0/run.json;validation/spmw_conv_6_cosim_s0,
spmw_conv_6_cosim_s1,E6,SPMW conventional,conventional_2pass,6,2,1,16,16,cosim,300,ok,True,59,76,12.6667,,,,,,,,,119.4,291.0,reports/spmw_conv_6_cosim_s1/run.json;validation/spmw_conv_6_cosim_s1,
spmw_conv_6_cosim_s2,E6,SPMW conventional,conventional_2pass,6,2,1,16,16,cosim,300,ok,True,59,76,12.6667,,,,,,,,,119.4,291.0,reports/spmw_conv_6_cosim_s2/run.json;validation/spmw_conv_6_cosim_s2,
spmw_conv_64_cosim_s0,E6,SPMW conventional,conventional_2pass,64,2,1,16,16,cosim,300,ok,True,117,192,3.0,,,,,,,,,125.9,301.2,reports/spmw_conv_64_cosim_s0/run.json;validation/spmw_conv_64_cosim_s0,
spmw_conv_64_cosim_s1,E6,SPMW conventional,conventional_2pass,64,2,1,16,16,cosim,300,ok,True,117,192,3.0,,,,,,,,,125.9,301.2,reports/spmw_conv_64_cosim_s1/run.json;validation/spmw_conv_64_cosim_s1,
spmw_conv_64_cosim_s2,E6,SPMW conventional,conventional_2pass,64,2,1,16,16,cosim,300,ok,True,117,192,3.0,,,,,,,,,125.9,301.2,reports/spmw_conv_64_cosim_s2/run.json;validation/spmw_conv_64_cosim_s2,
spmw_conv_64_pnr,E6,SPMW conventional,conventional_2pass,64,2,1,16,16,pnr_ooc,300,ok,,,,,1027,2873,16,0,0,1.119,0.0,0,116.7,553.3,reports/spmw_conv_64_pnr/run.json;reports/spmw_conv_64_pnr/util.rpt;reports/spmw_conv_64_pnr/util_synth.rpt;reports/spmw_conv_64_pnr/timing.rpt;reports/spmw_conv_64_pnr/route.rpt;reports/spmw_conv_64_pnr/util_hier.rpt;reports/spmw_conv_64_pnr/vivado_pnr.log;reports/spmw_conv_64_pnr/assemble_pnr.tcl;reports/spmw_conv_64_pnr/clock.xdc,
spmw_conv_6_pnr,E6,SPMW conventional,conventional_2pass,6,2,1,16,16,pnr_ooc,300,ok,,,,,911,2793,16,0,0,1.45,0.0,0,103.3,548.9,reports/spmw_conv_6_pnr/run.json;reports/spmw_conv_6_pnr/util.rpt;reports/spmw_conv_6_pnr/util_synth.rpt;reports/spmw_conv_6_pnr/timing.rpt;reports/spmw_conv_6_pnr/route.rpt;reports/spmw_conv_6_pnr/util_hier.rpt;reports/spmw_conv_6_pnr/vivado_pnr.log;reports/spmw_conv_6_pnr/assemble_pnr.tcl;reports/spmw_conv_6_pnr/clock.xdc,
spmw_convz0_64_cosim_s0,E6,SPMW conventional,conventional_foldedseed_pass1_only,64,2,1,16,16,cosim,300,ok,True,23,131,2.0469,,,,,,,,,97.6,140.0,reports/spmw_convz0_64_cosim_s0/run.json;validation/spmw_convz0_64_cosim_s0,
spmw_grp_4096_cosim_s0,E6,SPMW grouped,grouped_constseed,4096,2,2,16,16,cosim,300,ok,True,42,5499,1.3425,,,,,,,,,68.4,188.0,reports/spmw_grp_4096_cosim_s0/run.json;validation/spmw_grp_4096_cosim_s0,
spmw_grp_4096_cosim_s1,E6,SPMW grouped,grouped_constseed,4096,2,2,16,16,cosim,300,ok,True,42,5499,1.3425,,,,,,,,,68.4,188.0,reports/spmw_grp_4096_cosim_s1/run.json;validation/spmw_grp_4096_cosim_s1,
spmw_grp_4096_cosim_s2,E6,SPMW grouped,grouped_constseed,4096,2,2,16,16,cosim,300,ok,True,42,5499,1.3425,,,,,,,,,68.4,188.0,reports/spmw_grp_4096_cosim_s2/run.json;validation/spmw_grp_4096_cosim_s2,
spmw_grp_4096_pnr,E6,SPMW grouped,grouped_constseed,4096,2,2,16,16,pnr_ooc,300,ok,,,,,1037,2321,16,0,0,1.279,0.0,0,69.0,588.9,reports/spmw_grp_4096_pnr/run.json;reports/spmw_grp_4096_pnr/util.rpt;reports/spmw_grp_4096_pnr/util_synth.rpt;reports/spmw_grp_4096_pnr/timing.rpt;reports/spmw_grp_4096_pnr/route.rpt;reports/spmw_grp_4096_pnr/util_hier.rpt;reports/spmw_grp_4096_pnr/vivado_pnr.log;reports/spmw_grp_4096_pnr/assemble_pnr.tcl;reports/spmw_grp_4096_pnr/clock.xdc,
spmw_grp_6_cosim_s0,E6,SPMW grouped,grouped_constseed,6,2,2,16,16,cosim,300,ok,True,36,45,7.5,,,,,,,,,55.3,136.6,reports/spmw_grp_6_cosim_s0/run.json;validation/spmw_grp_6_cosim_s0,
spmw_grp_6_cosim_s1,E6,SPMW grouped,grouped_constseed,6,2,2,16,16,cosim,300,ok,True,36,45,7.5,,,,,,,,,55.3,136.6,reports/spmw_grp_6_cosim_s1/run.json;validation/spmw_grp_6_cosim_s1,
spmw_grp_6_cosim_s2,E6,SPMW grouped,grouped_constseed,6,2,2,16,16,cosim,300,ok,True,36,45,7.5,,,,,,,,,55.3,136.6,reports/spmw_grp_6_cosim_s2/run.json;validation/spmw_grp_6_cosim_s2,
spmw_grp_64_cosim_s0,E6,SPMW grouped,grouped_constseed,64,2,2,16,16,cosim,300,ok,True,42,123,1.9219,,,,,,,,,65.7,164.9,reports/spmw_grp_64_cosim_s0/run.json;validation/spmw_grp_64_cosim_s0,
spmw_grp_64_cosim_s1,E6,SPMW grouped,grouped_constseed,64,2,2,16,16,cosim,300,ok,True,42,123,1.9219,,,,,,,,,65.7,164.9,reports/spmw_grp_64_cosim_s1/run.json;validation/spmw_grp_64_cosim_s1,
spmw_grp_64_cosim_s2,E6,SPMW grouped,grouped_constseed,64,2,2,16,16,cosim,300,ok,True,42,123,1.9219,,,,,,,,,65.7,164.9,reports/spmw_grp_64_cosim_s2/run.json;validation/spmw_grp_64_cosim_s2,
spmw_grp_64_pnr,E6,SPMW grouped,grouped_constseed,64,2,2,16,16,pnr_ooc,300,ok,,,,,880,2213,16,0,0,1.49,0.0,0,61.0,447.8,reports/spmw_grp_64_pnr/run.json;reports/spmw_grp_64_pnr/util.rpt;reports/spmw_grp_64_pnr/util_synth.rpt;reports/spmw_grp_64_pnr/timing.rpt;reports/spmw_grp_64_pnr/route.rpt;reports/spmw_grp_64_pnr/util_hier.rpt;reports/spmw_grp_64_pnr/vivado_pnr.log;reports/spmw_grp_64_pnr/assemble_pnr.tcl;reports/spmw_grp_64_pnr/clock.xdc,
spmw_grp_6_pnr,E6,SPMW grouped,grouped_constseed,6,2,2,16,16,pnr_ooc,300,ok,,,,,767,2141,16,0,0,0.95,0.0,0,48.5,422.1,reports/spmw_grp_6_pnr/run.json;reports/spmw_grp_6_pnr/util.rpt;reports/spmw_grp_6_pnr/util_synth.rpt;reports/spmw_grp_6_pnr/timing.rpt;reports/spmw_grp_6_pnr/route.rpt;reports/spmw_grp_6_pnr/util_hier.rpt;reports/spmw_grp_6_pnr/vivado_pnr.log;reports/spmw_grp_6_pnr/assemble_pnr.tcl;reports/spmw_grp_6_pnr/clock.xdc,
spmw_grpzs_4096_cosim_s0,E6,SPMW grouped,grouped_zeroseed,4096,2,2,16,16,cosim,300,ok,True,37,4136,1.0098,,,,,,,,,48.1,142.0,reports/spmw_grpzs_4096_cosim_s0/run.json;validation/spmw_grpzs_4096_cosim_s0,
spmw_grpzs_4096_cosim_s1,E6,SPMW grouped,grouped_zeroseed,4096,2,2,16,16,cosim,300,ok,True,37,4136,1.0098,,,,,,,,,48.1,142.0,reports/spmw_grpzs_4096_cosim_s1/run.json;validation/spmw_grpzs_4096_cosim_s1,
spmw_grpzs_4096_cosim_s2,E6,SPMW grouped,grouped_zeroseed,4096,2,2,16,16,cosim,300,ok,True,37,4136,1.0098,,,,,,,,,48.1,142.0,reports/spmw_grpzs_4096_cosim_s2/run.json;validation/spmw_grpzs_4096_cosim_s2,
spmw_grpzs_4096_pnr,E6,SPMW grouped,grouped_zeroseed,4096,2,2,16,16,pnr_ooc,300,ok,,,,,1072,2553,16,0,0,1.146,0.0,0,59.5,489.4,reports/spmw_grpzs_4096_pnr/run.json;reports/spmw_grpzs_4096_pnr/util.rpt;reports/spmw_grpzs_4096_pnr/util_synth.rpt;reports/spmw_grpzs_4096_pnr/timing.rpt;reports/spmw_grpzs_4096_pnr/route.rpt;reports/spmw_grpzs_4096_pnr/util_hier.rpt;reports/spmw_grpzs_4096_pnr/vivado_pnr.log;reports/spmw_grpzs_4096_pnr/assemble_pnr.tcl;reports/spmw_grpzs_4096_pnr/clock.xdc,
spmw_grpzs_6_cosim_s0,E6,SPMW grouped,grouped_zeroseed,6,2,2,16,16,cosim,300,ok,True,37,46,7.6667,,,,,,,,,60.3,143.0,reports/spmw_grpzs_6_cosim_s0/run.json;validation/spmw_grpzs_6_cosim_s0,
spmw_grpzs_6_cosim_s1,E6,SPMW grouped,grouped_zeroseed,6,2,2,16,16,cosim,300,ok,True,37,46,7.6667,,,,,,,,,60.3,143.0,reports/spmw_grpzs_6_cosim_s1/run.json;validation/spmw_grpzs_6_cosim_s1,
spmw_grpzs_6_cosim_s2,E6,SPMW grouped,grouped_zeroseed,6,2,2,16,16,cosim,300,ok,True,37,46,7.6667,,,,,,,,,60.3,143.0,reports/spmw_grpzs_6_cosim_s2/run.json;validation/spmw_grpzs_6_cosim_s2,
spmw_grpzs_64_cosim_s0,E6,SPMW grouped,grouped_zeroseed,64,2,2,16,16,cosim,300,ok,True,37,104,1.625,,,,,,,,,48.4,125.9,reports/spmw_grpzs_64_cosim_s0/run.json;validation/spmw_grpzs_64_cosim_s0,
spmw_grpzs_64_cosim_s1,E6,SPMW grouped,grouped_zeroseed,64,2,2,16,16,cosim,300,ok,True,37,104,1.625,,,,,,,,,48.4,125.9,reports/spmw_grpzs_64_cosim_s1/run.json;validation/spmw_grpzs_64_cosim_s1,
spmw_grpzs_64_cosim_s2,E6,SPMW grouped,grouped_zeroseed,64,2,2,16,16,cosim,300,ok,True,37,104,1.625,,,,,,,,,48.4,125.9,reports/spmw_grpzs_64_cosim_s2/run.json;validation/spmw_grpzs_64_cosim_s2,
spmw_conventional_M6_simulator,E6,SPMW conventional,conventional_2pass,6,2,1,16,16,simulator,,ok,True,,,,,,,,,,,,,,validation/spmw_pytest/pytest_full.log,"cycles: null -- allo/backend/simulator.py is a functional dataflow simulator with no cycle model; seeds 0,1,2 validated bit-exact against numpy (test_simulator_matches, test_reference_matches, test_both_designs_agree_bit_for_bit)"
spmw_conventional_M64_simulator,E6,SPMW conventional,conventional_2pass,64,2,1,16,16,simulator,,ok,True,,,,,,,,,,,,,,validation/spmw_pytest/pytest_full.log,"cycles: null -- allo/backend/simulator.py is a functional dataflow simulator with no cycle model; seeds 0,1,2 validated bit-exact against numpy (test_simulator_matches, test_reference_matches, test_both_designs_agree_bit_for_bit)"
spmw_conventional_M4096_simulator,E6,SPMW conventional,conventional_2pass,4096,2,1,16,16,simulator,,ok,True,,,,,,,,,,,,,,validation/spmw_pytest/pytest_full.log,"cycles: null -- allo/backend/simulator.py is a functional dataflow simulator with no cycle model; seeds 0,1,2 validated bit-exact against numpy (test_simulator_matches, test_reference_matches, test_both_designs_agree_bit_for_bit)"
spmw_grouped_M6_simulator,E6,SPMW grouped,grouped_constseed,6,2,2,16,16,simulator,,ok,True,,,,,,,,,,,,,,validation/spmw_pytest/pytest_full.log,"cycles: null -- allo/backend/simulator.py is a functional dataflow simulator with no cycle model; seeds 0,1,2 validated bit-exact against numpy (test_simulator_matches, test_reference_matches, test_both_designs_agree_bit_for_bit)"
spmw_grouped_M64_simulator,E6,SPMW grouped,grouped_constseed,64,2,2,16,16,simulator,,ok,True,,,,,,,,,,,,,,validation/spmw_pytest/pytest_full.log,"cycles: null -- allo/backend/simulator.py is a functional dataflow simulator with no cycle model; seeds 0,1,2 validated bit-exact against numpy (test_simulator_matches, test_reference_matches, test_both_designs_agree_bit_for_bit)"
spmw_grouped_M4096_simulator,E6,SPMW grouped,grouped_constseed,4096,2,2,16,16,simulator,,ok,True,,,,,,,,,,,,,,validation/spmw_pytest/pytest_full.log,"cycles: null -- allo/backend/simulator.py is a functional dataflow simulator with no cycle model; seeds 0,1,2 validated bit-exact against numpy (test_simulator_matches, test_reference_matches, test_both_designs_agree_bit_for_bit)"
hls_conventional_M4096_cosim,E6,HLS baseline,hls_conventional,4096,2,1,16,16,cosim,300,ok,True,,37706,9.2056,,,,,,,,,33.49,116,reports/hls_conventional_M4096_cosim/result.txt;reports/hls_conventional_M4096_cosim/attention_pv_csynth.rpt;reports/hls_conventional_M4096_cosim/attention_pv_cosim.rpt;reports/hls_conventional_M4096_cosim/vitis_hls.log;reports/hls_conventional_M4096_cosim/run.tcl,
hls_conventional_M6_cosim,E6,HLS baseline,hls_conventional,6,2,1,16,16,cosim,300,ok,True,,794,132.3333,,,,,,,,,32.13,89,reports/hls_conventional_M6_cosim/result.txt;reports/hls_conventional_M6_cosim/attention_pv_csynth.rpt;reports/hls_conventional_M6_cosim/attention_pv_cosim.rpt;reports/hls_conventional_M6_cosim/vitis_hls.log;reports/hls_conventional_M6_cosim/run.tcl,
hls_conventional_M64_cosim,E6,HLS baseline,hls_conventional,64,2,1,16,16,cosim,300,ok,True,,1418,22.1562,,,,,,,,,35.35,93,reports/hls_conventional_M64_cosim/result.txt;reports/hls_conventional_M64_cosim/attention_pv_csynth.rpt;reports/hls_conventional_M64_cosim/attention_pv_cosim.rpt;reports/hls_conventional_M64_cosim/vitis_hls.log;reports/hls_conventional_M64_cosim/run.tcl,
hls_conventional_packed_M4096_cosim,E6,HLS baseline,hls_conventional_packedlanes,4096,2,1,16,16,cosim,300,ok,True,,4957,1.2102,,,,,,,,,33.74,97,reports/hls_conventional_packed_M4096_cosim/result.txt;reports/hls_conventional_packed_M4096_cosim/attention_pv_csynth.rpt;reports/hls_conventional_packed_M4096_cosim/attention_pv_cosim.rpt;reports/hls_conventional_packed_M4096_cosim/vitis_hls.log;reports/hls_conventional_packed_M4096_cosim/run.tcl,
hls_conventional_packed_M6_cosim,E6,HLS baseline,hls_conventional_packedlanes,6,2,1,16,16,cosim,300,ok,True,,349,58.1667,,,,,,,,,30.39,85,reports/hls_conventional_packed_M6_cosim/result.txt;reports/hls_conventional_packed_M6_cosim/attention_pv_csynth.rpt;reports/hls_conventional_packed_M6_cosim/attention_pv_cosim.rpt;reports/hls_conventional_packed_M6_cosim/vitis_hls.log;reports/hls_conventional_packed_M6_cosim/run.tcl,
hls_conventional_packed_M64_cosim,E6,HLS baseline,hls_conventional_packedlanes,64,2,1,16,16,cosim,300,ok,True,,421,6.5781,,,,,,,,,30.76,87,reports/hls_conventional_packed_M64_cosim/result.txt;reports/hls_conventional_packed_M64_cosim/attention_pv_csynth.rpt;reports/hls_conventional_packed_M64_cosim/attention_pv_cosim.rpt;reports/hls_conventional_packed_M64_cosim/vitis_hls.log;reports/hls_conventional_packed_M64_cosim/run.tcl,
hls_grouped_M4096_cosim,E6,HLS baseline,hls_grouped,4096,2,2,16,16,cosim,300,ok,True,,4470,1.0913,,,,,,,,,36.44,101,reports/hls_grouped_M4096_cosim/result.txt;reports/hls_grouped_M4096_cosim/attention_pv_csynth.rpt;reports/hls_grouped_M4096_cosim/attention_pv_cosim.rpt;reports/hls_grouped_M4096_cosim/vitis_hls.log;reports/hls_grouped_M4096_cosim/run.tcl,
hls_grouped_M6_cosim,E6,HLS baseline,hls_grouped,6,2,2,16,16,cosim,300,ok,True,,360,60.0,,,,,,,,,30.2,92,reports/hls_grouped_M6_cosim/result.txt;reports/hls_grouped_M6_cosim/attention_pv_csynth.rpt;reports/hls_grouped_M6_cosim/attention_pv_cosim.rpt;reports/hls_grouped_M6_cosim/vitis_hls.log;reports/hls_grouped_M6_cosim/run.tcl,
hls_grouped_M64_cosim,E6,HLS baseline,hls_grouped,64,2,2,16,16,cosim,300,ok,True,,430,6.7188,,,,,,,,,27.94,86,reports/hls_grouped_M64_cosim/result.txt;reports/hls_grouped_M64_cosim/attention_pv_csynth.rpt;reports/hls_grouped_M64_cosim/attention_pv_cosim.rpt;reports/hls_grouped_M64_cosim/vitis_hls.log;reports/hls_grouped_M64_cosim/run.tcl,
hls_grouped_pnr_ooc_export,E6,HLS baseline,hls_grouped,all,2,2,16,16,pnr_ooc,300,ok,,,,,7062,6995,16,8,0,0.527,,,,1062,reports/hls_grouped_pnr_ooc_export/attention_pv_export.rpt;reports/hls_grouped_pnr_ooc_export/impl.log;reports/hls_grouped_pnr_ooc_export/impl_result.txt;reports/hls_grouped_pnr_ooc_export/impl.tcl;reports/hls_grouped_pnr_ooc_export/export_impl.rpt;reports/hls_grouped_pnr_ooc_export/export_syn.rpt,
hls_grouped_pnr_ooc_kernel,E6,HLS baseline,hls_grouped,all,2,2,16,16,pnr_ooc,300,ok,,,,,7070,6997,16,4,0,0.593,0.0,0,,456,reports/hls_grouped_pnr_ooc_kernel/result.txt;reports/hls_grouped_pnr_ooc_kernel/util.rpt;reports/hls_grouped_pnr_ooc_kernel/util_synth.rpt;reports/hls_grouped_pnr_ooc_kernel/timing.rpt;reports/hls_grouped_pnr_ooc_kernel/route.rpt;reports/hls_grouped_pnr_ooc_kernel/util_hier.rpt;reports/hls_grouped_pnr_ooc_kernel/vivado_pnr.log;reports/hls_grouped_pnr_ooc_kernel/pnr.tcl;reports/hls_grouped_pnr_ooc_kernel/clock.xdc,
hls_grouped_pnr_ooc_array,E6,HLS baseline,hls_grouped,all,2,2,16,16,pnr_ooc,300,ok,,,,,4046,3233,16,0,0,0.935,0.0,0,,503,reports/hls_grouped_pnr_ooc_array/result.txt;reports/hls_grouped_pnr_ooc_array/util.rpt;reports/hls_grouped_pnr_ooc_array/util_synth.rpt;reports/hls_grouped_pnr_ooc_array/timing.rpt;reports/hls_grouped_pnr_ooc_array/route.rpt;reports/hls_grouped_pnr_ooc_array/util_hier.rpt;reports/hls_grouped_pnr_ooc_array/vivado_pnr.log;reports/hls_grouped_pnr_ooc_array/pnr.tcl;reports/hls_grouped_pnr_ooc_array/clock.xdc,
hls_conventional_pnr_ooc_export,E6,HLS baseline,hls_conventional,all,2,1,16,16,pnr_ooc,300,ok,,,,,9413,9665,16,10,0,0.758,,,,1157,reports/hls_conventional_pnr_ooc_export/attention_pv_export.rpt;reports/hls_conventional_pnr_ooc_export/impl.log;reports/hls_conventional_pnr_ooc_export/impl_result.txt;reports/hls_conventional_pnr_ooc_export/impl.tcl;reports/hls_conventional_pnr_ooc_export/export_impl.rpt;reports/hls_conventional_pnr_ooc_export/export_syn.rpt,
hls_conventional_pnr_ooc_kernel,E6,HLS baseline,hls_conventional,all,2,1,16,16,pnr_ooc,300,ok,,,,,9411,9671,16,5,0,0.588,0.0,0,,515,reports/hls_conventional_pnr_ooc_kernel/result.txt;reports/hls_conventional_pnr_ooc_kernel/util.rpt;reports/hls_conventional_pnr_ooc_kernel/util_synth.rpt;reports/hls_conventional_pnr_ooc_kernel/timing.rpt;reports/hls_conventional_pnr_ooc_kernel/route.rpt;reports/hls_conventional_pnr_ooc_kernel/util_hier.rpt;reports/hls_conventional_pnr_ooc_kernel/vivado_pnr.log;reports/hls_conventional_pnr_ooc_kernel/pnr.tcl;reports/hls_conventional_pnr_ooc_kernel/clock.xdc,
hls_conventional_pnr_ooc_array,E6,HLS baseline,hls_conventional,all,2,1,16,16,pnr_ooc,300,ok,,,,,4422,3889,16,0,0,0.812,0.0,0,,445,reports/hls_conventional_pnr_ooc_array/result.txt;reports/hls_conventional_pnr_ooc_array/util.rpt;reports/hls_conventional_pnr_ooc_array/util_synth.rpt;reports/hls_conventional_pnr_ooc_array/timing.rpt;reports/hls_conventional_pnr_ooc_array/route.rpt;reports/hls_conventional_pnr_ooc_array/util_hier.rpt;reports/hls_conventional_pnr_ooc_array/vivado_pnr.log;reports/hls_conventional_pnr_ooc_array/pnr.tcl;reports/hls_conventional_pnr_ooc_array/clock.xdc,
hls_conventional_packed_pnr_ooc_export,E6,HLS baseline,hls_conventional_packedlanes,all,2,1,16,16,pnr_ooc,300,ok,,,,,9451,9828,16,22,0,0.503,,,,1046,reports/hls_conventional_packed_pnr_ooc_export/attention_pv_export.rpt;reports/hls_conventional_packed_pnr_ooc_export/impl.log;reports/hls_conventional_packed_pnr_ooc_export/impl_result.txt;reports/hls_conventional_packed_pnr_ooc_export/impl.tcl;reports/hls_conventional_packed_pnr_ooc_export/export_impl.rpt;reports/hls_conventional_packed_pnr_ooc_export/export_syn.rpt,
hls_conventional_packed_pnr_ooc_kernel,E6,HLS baseline,hls_conventional_packedlanes,all,2,1,16,16,pnr_ooc,300,ok,,,,,9452,9829,16,11,0,0.683,0.0,0,,548,reports/hls_conventional_packed_pnr_ooc_kernel/result.txt;reports/hls_conventional_packed_pnr_ooc_kernel/util.rpt;reports/hls_conventional_packed_pnr_ooc_kernel/util_synth.rpt;reports/hls_conventional_packed_pnr_ooc_kernel/timing.rpt;reports/hls_conventional_packed_pnr_ooc_kernel/route.rpt;reports/hls_conventional_packed_pnr_ooc_kernel/util_hier.rpt;reports/hls_conventional_packed_pnr_ooc_kernel/vivado_pnr.log;reports/hls_conventional_packed_pnr_ooc_kernel/pnr.tcl;reports/hls_conventional_packed_pnr_ooc_kernel/clock.xdc,
hls_conventional_packed_pnr_ooc_array,E6,HLS baseline,hls_conventional_packedlanes,all,2,1,16,16,pnr_ooc,300,ok,,,,,4375,3880,16,0,0,0.776,0.0,0,,408,reports/hls_conventional_packed_pnr_ooc_array/result.txt;reports/hls_conventional_packed_pnr_ooc_array/util.rpt;reports/hls_conventional_packed_pnr_ooc_array/util_synth.rpt;reports/hls_conventional_packed_pnr_ooc_array/timing.rpt;reports/hls_conventional_packed_pnr_ooc_array/route.rpt;reports/hls_conventional_packed_pnr_ooc_array/util_hier.rpt;reports/hls_conventional_packed_pnr_ooc_array/vivado_pnr.log;reports/hls_conventional_packed_pnr_ooc_array/pnr.tcl;reports/hls_conventional_packed_pnr_ooc_array/clock.xdc,
